{"cameraMode":{"drawMode":0,"name":"Shaded","section":"Shading Mode"},"sceneLighting":true,"audioPlay":false,"sceneViewState":{"m_AlwaysRefresh":false,"showFog":true,"showSkybox":true,"showFlares":true,"showImageEffects":true,"showParticleSystems":true,"showVisualEffectGraphs":true,"m_FxEnabled":true},"in2DMode":false,"pivot":{"x":15.776144027709961,"y":-37.50068664550781,"z":21.123287200927736},"rotation":{"x":0.4465181231498718,"y":0.2890409231185913,"z":-0.15504421293735505,"w":0.8325070142745972},"size":39.203060150146487,"orthographic":false}